{"file:///I:/firma/stronymonki.pl/strona_01122016-02":{"assets/images/logo-stronymonki-353x128-59.png":"qv5clJ/3oNV6WVmk5YYswg==","assets/images/1.png":"lCrXLI9pXnxMQQiP0+uELA==","assets/images/2.png":"hjJee7zPei7tIrtm7Rr/ig==","assets/images/3.png":"gHB0bKPLj2l2mK1L3S1Cxg==","assets/images/4.png":"bUzthvlt2Tgd590OVxRI/Q==","assets/images/5.png":"pIxWm5vOesk+Irodfb51TQ==","assets/images/man-back.jpg":"Dab1kwAx8oCwQrS3oavd5A==","assets/images/bridge.jpg":"CFJa6Z7pXGbnrNPspv18WA==","assets/images/sparklers.jpg":"m7ez0qhGglfPHuBw9CyqSw==","assets/images/table.jpg":"LqzPLUVnbmdA8w5Ezv6ZTQ==","assets/images/desktop.jpg":"/UW18EiGA9aOCy27lz3NEA==","assets/images/coworkers.jpg":"HLjjaSAx8TuQGsgadns+1g==","assets/images/code-man.jpg":"5HGsIw6A36O/8aZUGWiMKg==","assets/images/windows-books.jpg":"zs3Kh6TU5sVzR5mQi3yJ9Q==","assets/images/room-laptop.jpg":"/nHiVIEQ0u8s1QZiY417Lw==","assets/images/logo-stronymonki-128x46-70.png":"1/vtEyHd1nMPNcr459EoXA==","assets/images/naglowek-stronymonki-czeriwec2016-2000x514-78.jpg":"OkuGvRNw6UPkMUQg74TM5w==","assets/images/instytucje-2000x790-40.jpg":"TiSyhuzUHJqU8mtyuMhKSw==","assets/images/flight-mountains-sky-flying.jpg":"VIOmOzoVNLKrvirWMMovbw==","assets/images/image-01-2000x1250-16.jpg":"zhWT6G/QIrPqatRdtYwNvQ==","assets/images/gdzie-zjada-sie-najwiecej-kebabow-i-pizzy-ciekawe-wyniki-badan-2000x1332-62.jpg":"b5NCqzeXa6+x0O72Cu4XkA==","assets/images/edukacja-2000x1248-60.png":"cPbdqw3OAQFXNQIp2Vq5zA==","assets/images/idzie-moj-pan-on-teraz-biegnie-by-spotkac-mnie-2000x1045-17.jpg":"r4oHTjuGc/4WMmBzuKJ6Cw==","assets/images/andrzejtopczewski-2-2000x1500-44.jpg":"W1UhgxffSiHUv3dJc3/QqA==","assets/images/ogloszenia-2000x1125-59.jpg":"c+Adi1NrlhQIBK/XTbNYtA==","assets/images/ogloszenia-2000x1125-36.jpg":"c+Adi1NrlhQIBK/XTbNYtA==","assets/images/o7mf960-2000x1311-51.jpg":"xtJz52V+Ul2uwV1Na1gnwg==","assets/images/ogloszenia-2000x1125-7.jpg":"c+Adi1NrlhQIBK/XTbNYtA==","assets/images/stopkastronymonki-2000x514-22.jpg":"88/wjKCQRUQoJ5D286BvPg==","assets/images/ogloszenia-2000x1125-33.jpg":"c+Adi1NrlhQIBK/XTbNYtA==","assets/images/logo.png":"aW1rnTfd2HATLLNHU9vS1Q==","assets/images/naglowek-stronymonki-czeriwec2016-2000x514-52.jpg":"OkuGvRNw6UPkMUQg74TM5w==","assets/images/bike-small.jpg":"33ON7gkEs2GYC1J8fJ8ilw==","assets/images/code-man-small.jpg":"IAMlAWYi54G48q3IRtqVOQ==","assets/images/coworkers-small.jpg":"iU3ADXEzRIgyTBFxfBI1NQ==","assets/images/desktop-small.jpg":"wGLRRyWlQR2OW97AhfuBCQ==","assets/images/room-laptop-small.jpg":"Y2tU/kCu994+yT9Q5fj8Pg==","assets/images/table-small.jpg":"/4L4jV7GUD1TYpL9uNKckw==","assets/images/windows-books-small.jpg":"w+tWcrEhQkOynrYR0hMgWQ==","assets/images/working-area-small.jpg":"Frk4CIrgyU0lVA47tKD74g==","assets/images/bike.jpg":"iG276bKE0LFBwiuR6jXQng==","assets/images/working-area.jpg":"FgxWoUq+enN+r4TicBTJIg==","assets/images/naglowek-stronymonki-czeriwec2016-2000x514-96.jpg":"OkuGvRNw6UPkMUQg74TM5w==","assets/images/jumbotron.jpg":"QeS8tYeC/1YKZaZLw3iIng==","assets/web/assets/jquery/jquery.min.js":"V5Dq1607onOXrt+j0mO4Zw==","assets/bootstrap/css/bootstrap.min.css":"NM5JRjudBrjMToddUDgMUQ==","assets/bootstrap/js/bootstrap.min.js":"DKdxssbVVAIdzBwBzcd+9g==","assets/tether/tether.min.css":"YhVaOUjL8Xsb9LQHyQq4Tw==","assets/tether/tether.min.js":"PlC291/0Eo8keLHUT4D9+w==","assets/smooth-scroll/SmoothScroll.js":"Q1pVjjRBNe99bV9ZV65xqw==","assets/bootstrap-material-design-font/css/material.css":"HzWxb4ENne/E/Y2UKoxvNw==","assets/bootstrap-material-design-font/fonts/LICENSE.txt":"pV8TLVKq0XI9Ij+wgM+cug==","assets/bootstrap-material-design-font/fonts/Material-Design-Icons.eot":"LxmIl+me/gNB94VFERPXog==","assets/bootstrap-material-design-font/fonts/Material-Design-Icons.svg":"xugX+kwOmhTCvA5NKlGGlQ==","assets/bootstrap-material-design-font/fonts/Material-Design-Icons.ttf":"f2HJkaxsfH8pURkf/FBC4A==","assets/bootstrap-material-design-font/fonts/Material-Design-Icons.woff":"TIdNziA0njUMSu+mR0IhwQ==","assets/animate.css/animate.min.css":"F4tlGVjO/1VsvF81Xgi78Q==","assets/viewportChecker/jquery.viewportchecker.js":"2Duiy0FroZ100p8jJUN+dw==","assets/dropdown/css/style.css":"/5ev1lVQ5aXyBGMZIck7Mw==","assets/dropdown/js/script.min.js":"XKwdlgq/KqgA8/xiKfaAVw==","assets/touchSwipe/jquery.touchSwipe.min.js":"9g/wVGnRdXmW2F9BctT/TQ==","assets/mobirise3-blocks-plugin/css/style.css":"5F9aA/pXdT6hVdtffnQAHQ==","assets/mobirise3-blocks-plugin/js/script.js":"NXg7SdH9M+n9pDDgquiFkw==","assets/typed/typed.min.js":"L2GFqKMqULKz4EhJ9ENZ1A==","assets/countdown/jquery.countdown.min.js":"XT/zw/uqZ8xjlQH0TusHvg==","assets/jarallax/jarallax.js":"+g75joASw43Taba0Anm6Ag==","assets/bootstrap-carousel-swipe/bootstrap-carousel-swipe.js":"2Aa30rxM398+MLQIDBw+uw==","assets/jquery-mb-ytplayer/jquery.mb.YTPlayer.min.js":"jqM5gjJa3r60+CtV/1pEuQ==","assets/mobirise-slider-video/script.js":"FwzpoFQmjIISHGW4OaqYQg==","assets/masonry/masonry.pkgd.min.js":"xU517fXLr0ErwWukFF9gMg==","assets/imagesloaded/imagesloaded.pkgd.min.js":"UR7y9u51Dtwyu1yNXTJOfg==","assets/mobirise-gallery/player.min.js":"LD8pej9nbqJv1C5dclQ+TQ==","assets/mobirise-gallery/script.js":"TmqMSzKXBSqQeizr2n3Faw==","assets/mobirise-gallery/style.css":"gZ0KYOEYSoD3YNLuxFOFDQ==","assets/et-line-font-plugin/fonts/et-line.woff":"sB/yUnYZWDJfqrFTXJDIfw==","assets/et-line-font-plugin/fonts/et-line.ttf":"mBJuPhI4sPO5Qa0oUyDOKA==","assets/et-line-font-plugin/fonts/et-line.svg":"VpvZCCwVzDD6bgViar3VBQ==","assets/et-line-font-plugin/fonts/et-line.eot":"Juw8fQNm4IJdcFxuIkqIAw==","assets/et-line-font-plugin/style.css":"JYAPmZ45pppjHYpgvce3Nw==","assets/socicon/css/socicon.min.css":"3OSICvxHEh4R8zUfym0jTw==","assets/socicon/fonts/socicon.eot":"/EOLrIMwuVpVH+EgUhoepQ==","assets/socicon/fonts/socicon.svg":"dzUHc86JP/d7nLmWroskog==","assets/socicon/fonts/socicon.ttf":"dezMs1VQK51t4bwHwd/3Sw==","assets/socicon/fonts/socicon.woff":"sMKFOluHhwJ7tkUcwTvUMA==","assets/socicon/fonts/socicon.woff2":"UXNJ9Q4zb1hm4HG+pkvA9A==","assets/social-likes/social-likes.js":"SQ0iNFn0dyBG0Gpb4KQY0Q==","assets/formoid/formoid.min.js":"524auFsP6JR6lpzo5Xmk4A==","assets/images/stockvault-calendar-agenda114527-2000x1333-14.jpg":"ThJM5+KNDMnJUqdLVGb+Iw==","assets/images/to-portfolio-gif.gif":"dAH8mxCsaG8gw8bQ2eW3Ag=="}}